Item Name,Quantity,Total Price(USD),Item Link
stm32f411ceu6 board,1,"$11,50",https://www.motorobit.com/stm32f411ceu6-black-pill-100mhz-512kb-development-board
TB6612FNG dual motor driver board,2,"$4,80",https://www.robocombo.com/tb6612fng-cift-motor-surucu-karti
NOVAMAX 2000rpm N20 12mm encoder motor,2,"$23,80",https://www.robotzade.com/urun/novamax-enkoderli-6v-2000rpm-mikro-dc-motor
JSUMO 2114 (21x14mm) silicone wheel set,1,"$9,60",https://www.robotus.net/js2114-silikon-tekerlek-seti
JSUMO 2114 wheel silicones,1,"$7,90",https://www.robotus.net/silikon-disi-js2114-1-cift
LSM6DS3 Accelerometer and gyroscope module,1,"$9,60",https://www.robocombo.com/lsm6ds3-ivmeolcer-ve-jiroskop-sensor-modulu-4617
QTR-1A Sensor Module(x2),1,"$10,00",https://www.direnc.net/qtr-1rc-kizilotesi-dijital-sensor-paketi--2-adet-pololu?language=tr&h=363482f6
Profuse 2S 450mah lipo battery,1,"$23,00",https://www.robotsepeti.com/profuse-2s-74v-lipo-li-po-lityum-polimer-batarya-450mah-40c
Mini360 2A voltage regulator,2,"$5,00",https://www.robotistan.com/2a-mini-ayarlanabilir-voltaj-dusurucu-regulator-karti?language=tr&h=ed713a74
720 coreless drone motor(x4 in the set),1,"$5,00",https://www.robocombo.com/720-cekirdeksiz-mikro-drone-motoru-2-cift-cwccw-4046
IR sensor components,1,"$20,00",BOM_ozdisan.csv/.pdf file(read)
"Custom PCB  (MOQ is 5, sorry)",5,"$24,00",https://www.onwaypcb.com/anasayfa
3d Printing of the case& sensor brackets,1,$10,a website that can print it or a shop ( i couldnt found one theyre all making me wait or just some AI)
Total Amount Requested:,1,"$171,70",the total amount of money requested
