Item,Part Number,Manufacturer,Description,Quantity,Unit Price (USD),Total Price Inc VAT (USD)
1,FYL-5012PD1C-TR8.3,FORYARD,PHOTO DIODE 20MA 5MM BLUE TAPE REEL SIZE 8.3,8,0.11123,1.07
2,LTE-4208,LITEON,LED INFRARED 5MM LITEON,8,0.12858,1.23
3,2N7002_R1_00001,PANJIT,MOSFET DIS.250mA 60V N-CH SOT23 SMT,10,0.01735,0.21
4,TLV9062IDR,TEXAS,IC-9062 OPAMP GP RR 10MHZ 8SOIC,10,0.60879,7.31
5,AC0805KRX7R9BB104,YAGEO,MLCC (2012) 0805 100nF 50VDC 10% X7R AEC-Q200 SMT,40,0.03953,1.9
6,CL21C220JBANNNC,SAMSUNG,MLCC (2012) 0805 22pF 50VDC 5% COG (NPO) SMT,10,0.01212,0.15
7,0805S8F470JTDE,ROYALOHM,RES. (2012) 0805 47 Ohms 1% 1/8WS -200PPM,50,0.00239,0.14
8,CQ0558F4702T5E,ROYALOHM,RES.(2012) 0805 47K Ohms 1% 1/8W-S AUTOMOTIV,100,0.00188,0.23
9,080558J0103T5E,ROYALOHM,RES.(2012) 0805 10K Ohms 5% 1/8W-S 100PPM,100,0.00153,0.18
10,080558J0101T5E,ROYALOHM,RES.(2012) 0805 100 Ohms 5% 1/8W-S 200PPM,100,0.00153,0.18
11,080558J0102T5E,ROYALOHM,RES.(2012) 0805 1K Ohms 5% 1/8W-S 100PPM,100,0.00153,0.18
12,080558J0683T5E,ROYALOHM,RES.(2012) 0805 68K Ohms 5% 1/8W-S 100PPM,100,0.00153,0.18
13,080558F680JT5E,ROYALOHM,RES.(2012) 0805 68 Ohms 1% 1/8W-S 200PPM,100,0.00182,0.22
14,SS14_R1_00001,PANJIT,DIODE SCHOTTKY 1A 40V DO214AC (SMA) Single SMT,5,0.02936,0.18
15,CC0805JRNPO9BN100,YAGEO,MLCC (2012) 0805 10pF 50VDC 5% COG (NPO) SMT,10,0.01784,0.21
16,RC0805JR-07100KL,YAGEO,RES.(2012) 0805 100K Ohms 5% 1/8W 100PPM SMT,50,0.0037,0.22
17,CL21A106ΚΑΥΝNNE,SAMSUNG,MLCC (2012) 0805 10uF 25VDC 10% X5R SMT,10,0.03316,0.4
18,DS1021-1X40SF11-B,CONNFLY,PIN HEADER 40PIN(1x40) 2.54mm THT V/T,2,0.12992,0.31
Total Amount,$24.00,-,$24,$24,-,-
